timestamp,open,high,low,close,volume,average,barCount,tick_volume,trade_count,vwap,broker,symbol
2026-02-22 23:00:00+00:00,65.72,65.9,65.24,65.81,717.0,65.653,438,717.0,438,65.653,ib,CL
2026-02-23 00:00:00+00:00,65.81,65.82,65.48,65.54,449.0,65.616,237,449.0,237,65.616,ib,CL
2026-02-23 01:00:00+00:00,65.53,65.79,65.42,65.7,418.0,65.526,203,418.0,203,65.526,ib,CL
2026-02-23 02:00:00+00:00,65.72,65.85,65.69,65.69,155.0,65.772,112,155.0,112,65.772,ib,CL
2026-02-23 03:00:00+00:00,65.66,65.72,65.5,65.52,181.0,65.592,100,181.0,100,65.592,ib,CL
2026-02-23 04:00:00+00:00,65.55,65.57,65.33,65.39,205.0,65.415,140,205.0,140,65.415,ib,CL
2026-02-23 05:00:00+00:00,65.38,65.61,65.38,65.58,159.0,65.52,101,159.0,101,65.52,ib,CL
2026-02-23 06:00:00+00:00,65.55,65.62,65.46,65.5,138.0,65.528,99,138.0,99,65.528,ib,CL
2026-02-23 07:00:00+00:00,65.52,65.61,65.35,65.48,591.0,65.438,391,591.0,391,65.438,ib,CL
2026-02-23 08:00:00+00:00,65.48,65.73,65.39,65.7,1220.0,65.57,834,1220.0,834,65.57,ib,CL
2026-02-23 09:00:00+00:00,65.69,66.1,65.59,66.02,1687.0,65.946,758,1687.0,758,65.946,ib,CL
2026-02-23 10:00:00+00:00,66.01,66.03,65.82,65.9,787.0,65.906,534,787.0,534,65.906,ib,CL
2026-02-23 11:00:00+00:00,65.89,66.26,65.82,66.23,712.0,66.062,462,712.0,462,66.062,ib,CL
2026-02-23 12:00:00+00:00,66.24,66.5,66.22,66.49,1323.0,66.375,750,1323.0,750,66.375,ib,CL
2026-02-23 13:00:00+00:00,66.49,66.72,66.33,66.69,1805.0,66.51,1025,1805.0,1025,66.51,ib,CL
2026-02-23 14:00:00+00:00,66.69,66.99,66.53,66.78,4071.0,66.751,2388,4071.0,2388,66.751,ib,CL
2026-02-23 15:00:00+00:00,66.8,67.05,66.58,66.6,3320.0,66.87,2108,3320.0,2108,66.87,ib,CL
2026-02-23 16:00:00+00:00,66.6,66.91,66.09,66.2,4777.0,66.51,2999,4777.0,2999,66.51,ib,CL
2026-02-23 17:00:00+00:00,66.22,66.27,65.95,66.06,2153.0,66.093,1368,2153.0,1368,66.093,ib,CL
2026-02-23 18:00:00+00:00,66.05,66.15,65.92,66.02,1229.0,66.041,800,1229.0,800,66.041,ib,CL
2026-02-23 19:00:00+00:00,66.02,66.19,65.93,66.15,3661.0,66.097,1719,3661.0,1719,66.097,ib,CL
2026-02-23 20:00:00+00:00,66.17,66.33,66.16,66.26,2022.0,66.234,790,2022.0,790,66.234,ib,CL
2026-02-23 21:00:00+00:00,66.26,66.33,66.1,66.1,426.0,66.226,247,426.0,247,66.226,ib,CL
2026-02-23 23:00:00+00:00,66.13,66.16,66.01,66.09,146.0,66.09,74,146.0,74,66.09,ib,CL
2026-02-24 00:00:00+00:00,66.11,66.17,66.05,66.16,147.0,66.12,81,147.0,81,66.12,ib,CL
2026-02-24 01:00:00+00:00,66.15,66.3,65.9,66.28,921.0,66.123,545,921.0,545,66.123,ib,CL
2026-02-24 02:00:00+00:00,66.3,66.64,66.24,66.63,590.0,66.43,320,590.0,320,66.43,ib,CL
2026-02-24 03:00:00+00:00,66.63,66.75,66.61,66.71,585.0,66.685,290,585.0,290,66.685,ib,CL
2026-02-24 04:00:00+00:00,66.71,66.71,66.6,66.62,114.0,66.657,71,114.0,71,66.657,ib,CL
2026-02-24 05:00:00+00:00,66.62,66.78,66.44,66.67,593.0,66.617,294,593.0,294,66.617,ib,CL
2026-02-24 06:00:00+00:00,66.66,66.66,66.45,66.59,369.0,66.558,188,369.0,188,66.558,ib,CL
2026-02-24 07:00:00+00:00,66.59,66.62,66.31,66.38,577.0,66.446,348,577.0,348,66.446,ib,CL
2026-02-24 08:00:00+00:00,66.39,66.43,66.12,66.39,1599.0,66.245,1103,1599.0,1103,66.245,ib,CL
2026-02-24 09:00:00+00:00,66.4,66.42,66.18,66.39,1549.0,66.296,803,1549.0,803,66.296,ib,CL
2026-02-24 10:00:00+00:00,66.4,66.43,66.05,66.13,1595.0,66.265,1049,1595.0,1049,66.265,ib,CL
2026-02-24 11:00:00+00:00,66.11,66.26,66.02,66.22,881.0,66.155,562,881.0,562,66.155,ib,CL
2026-02-24 12:00:00+00:00,66.21,66.48,66.12,66.46,1353.0,66.328,847,1353.0,847,66.328,ib,CL
2026-02-24 13:00:00+00:00,66.47,66.97,66.47,66.72,3447.0,66.754,1958,3447.0,1958,66.754,ib,CL
2026-02-24 14:00:00+00:00,66.72,66.73,66.26,66.4,3243.0,66.488,2029,3243.0,2029,66.488,ib,CL
2026-02-24 15:00:00+00:00,66.4,66.53,65.53,65.76,8585.0,65.957,4846,8585.0,4846,65.957,ib,CL
2026-02-24 16:00:00+00:00,65.78,66.11,65.68,65.87,3217.0,65.902,2003,3217.0,2003,65.902,ib,CL
2026-02-24 17:00:00+00:00,65.87,66.2,65.58,65.73,2774.0,65.879,1637,2774.0,1637,65.879,ib,CL
2026-02-24 18:00:00+00:00,65.73,65.93,65.7,65.85,1417.0,65.814,774,1417.0,774,65.814,ib,CL
2026-02-24 19:00:00+00:00,65.85,65.85,65.46,65.81,4213.0,65.6,1962,4213.0,1962,65.6,ib,CL
2026-02-24 20:00:00+00:00,65.8,66.35,65.71,66.2,2541.0,66.016,1366,2541.0,1366,66.016,ib,CL
2026-02-24 21:00:00+00:00,66.2,66.22,65.86,65.97,877.0,66.034,392,877.0,392,66.034,ib,CL
2026-02-24 23:00:00+00:00,65.97,65.99,65.85,65.93,135.0,65.918,92,135.0,92,65.918,ib,CL
2026-02-25 00:00:00+00:00,65.94,66.11,65.84,65.97,225.0,65.977,150,225.0,150,65.977,ib,CL
2026-02-25 01:00:00+00:00,65.97,66.16,65.86,65.96,390.0,66.016,268,390.0,268,66.016,ib,CL
2026-02-25 02:00:00+00:00,65.98,66.22,65.97,66.2,366.0,66.095,242,366.0,242,66.095,ib,CL
2026-02-25 03:00:00+00:00,66.2,66.47,65.89,65.92,1374.0,66.211,613,1374.0,613,66.211,ib,CL
2026-02-25 04:00:00+00:00,65.9,66.02,65.88,65.94,143.0,65.947,87,143.0,87,65.947,ib,CL
2026-02-25 05:00:00+00:00,65.9,65.98,65.87,65.92,283.0,65.921,154,283.0,154,65.921,ib,CL
2026-02-25 06:00:00+00:00,65.92,65.92,65.67,65.89,311.0,65.817,202,311.0,202,65.817,ib,CL
2026-02-25 07:00:00+00:00,65.9,66.06,65.73,65.79,448.0,65.89,312,448.0,312,65.89,ib,CL
2026-02-25 08:00:00+00:00,65.8,66.02,65.63,65.9,1579.0,65.795,1066,1579.0,1066,65.795,ib,CL
2026-02-25 09:00:00+00:00,65.91,65.94,65.38,65.55,1901.0,65.624,1207,1901.0,1207,65.624,ib,CL
2026-02-25 10:00:00+00:00,65.55,65.93,65.52,65.82,1224.0,65.766,798,1224.0,798,65.766,ib,CL
2026-02-25 11:00:00+00:00,65.83,65.89,65.71,65.78,1083.0,65.794,686,1083.0,686,65.794,ib,CL
2026-02-25 12:00:00+00:00,65.75,66.19,65.64,66.1,2982.0,65.937,1773,2982.0,1773,65.937,ib,CL
2026-02-25 13:00:00+00:00,66.1,66.19,65.77,65.8,1838.0,65.991,1202,1838.0,1202,65.991,ib,CL
2026-02-25 14:00:00+00:00,65.81,65.91,65.21,65.23,3878.0,65.524,2390,3878.0,2390,65.524,ib,CL
2026-02-25 15:00:00+00:00,65.22,65.53,65.16,65.35,4699.0,65.345,2922,4699.0,2922,65.345,ib,CL
2026-02-25 16:00:00+00:00,65.34,65.46,65.05,65.4,4988.0,65.306,2910,4988.0,2910,65.306,ib,CL
2026-02-25 17:00:00+00:00,65.4,65.5,65.29,65.45,1749.0,65.407,1171,1749.0,1171,65.407,ib,CL
2026-02-25 18:00:00+00:00,65.44,65.71,65.4,65.53,1891.0,65.569,1081,1891.0,1081,65.569,ib,CL
2026-02-25 19:00:00+00:00,65.53,65.66,65.27,65.62,4184.0,65.415,1953,4184.0,1953,65.415,ib,CL
2026-02-25 20:00:00+00:00,65.62,65.64,65.33,65.37,701.0,65.474,467,701.0,467,65.474,ib,CL
2026-02-25 21:00:00+00:00,65.38,65.52,65.34,65.47,534.0,65.418,282,534.0,282,65.418,ib,CL
2026-02-25 23:00:00+00:00,65.55,65.62,65.5,65.53,129.0,65.555,90,129.0,90,65.555,ib,CL
2026-02-26 00:00:00+00:00,65.52,65.75,65.46,65.65,245.0,65.648,146,245.0,146,65.648,ib,CL
2026-02-26 01:00:00+00:00,65.65,65.65,65.44,65.54,424.0,65.567,326,424.0,326,65.567,ib,CL
2026-02-26 02:00:00+00:00,65.53,65.57,65.24,65.36,317.0,65.413,230,317.0,230,65.413,ib,CL
2026-02-26 03:00:00+00:00,65.39,65.51,65.35,65.44,213.0,65.433,146,213.0,146,65.433,ib,CL
2026-02-26 04:00:00+00:00,65.43,65.52,65.42,65.49,97.0,65.479,75,97.0,75,65.479,ib,CL
2026-02-26 05:00:00+00:00,65.48,65.56,65.4,65.4,232.0,65.489,154,232.0,154,65.489,ib,CL
2026-02-26 06:00:00+00:00,65.45,65.47,65.33,65.4,355.0,65.388,236,355.0,236,65.388,ib,CL
2026-02-26 07:00:00+00:00,65.4,65.51,65.28,65.39,613.0,65.413,446,613.0,446,65.413,ib,CL
2026-02-26 08:00:00+00:00,65.39,65.56,65.31,65.37,1256.0,65.433,935,1256.0,935,65.433,ib,CL
2026-02-26 09:00:00+00:00,65.36,65.36,64.74,65.03,2695.0,64.963,1828,2695.0,1828,64.963,ib,CL
2026-02-26 10:00:00+00:00,65.03,65.03,64.16,64.33,4030.0,64.523,2464,4030.0,2464,64.523,ib,CL
2026-02-26 11:00:00+00:00,64.32,64.61,64.24,64.27,1559.0,64.364,1048,1559.0,1048,64.364,ib,CL
2026-02-26 12:00:00+00:00,64.29,64.38,63.79,64.09,3110.0,64.097,1912,3110.0,1912,64.097,ib,CL
2026-02-26 13:00:00+00:00,64.1,64.44,63.57,64.34,5497.0,64.018,3428,5497.0,3428,64.018,ib,CL
2026-02-26 14:00:00+00:00,64.34,64.67,64.02,64.64,4663.0,64.248,2796,4663.0,2796,64.248,ib,CL
2026-02-26 15:00:00+00:00,64.64,66.37,64.64,66.35,11904.0,65.531,6951,11904.0,6951,65.531,ib,CL
2026-02-26 16:00:00+00:00,66.34,66.55,65.75,66.27,9955.0,66.249,5297,9955.0,5297,66.249,ib,CL
2026-02-26 17:00:00+00:00,66.28,66.43,65.97,66.32,3057.0,66.301,1983,3057.0,1983,66.301,ib,CL
2026-02-26 18:00:00+00:00,66.3,66.5,64.85,65.59,11754.0,65.757,7021,11754.0,7021,65.757,ib,CL
2026-02-26 19:00:00+00:00,65.59,65.67,64.82,65.22,6966.0,65.206,3930,6966.0,3930,65.206,ib,CL
2026-02-26 20:00:00+00:00,65.22,65.46,65.14,65.39,880.0,65.293,615,880.0,615,65.293,ib,CL
2026-02-26 21:00:00+00:00,65.36,65.53,65.3,65.36,934.0,65.402,690,934.0,690,65.402,ib,CL
2026-02-26 23:00:00+00:00,65.37,65.4,65.1,65.13,406.0,65.173,199,406.0,199,65.173,ib,CL
2026-02-27 00:00:00+00:00,65.1,65.2,65.0,65.16,147.0,65.134,104,147.0,104,65.134,ib,CL
2026-02-27 01:00:00+00:00,65.13,65.13,64.76,64.99,800.0,64.908,459,800.0,459,64.908,ib,CL
2026-02-27 02:00:00+00:00,65.0,65.02,64.85,64.85,250.0,64.946,199,250.0,199,64.946,ib,CL
2026-02-27 03:00:00+00:00,64.93,65.19,64.93,65.18,240.0,65.082,154,240.0,154,65.082,ib,CL
2026-02-27 04:00:00+00:00,65.18,65.3,65.14,65.2,183.0,65.245,107,183.0,107,65.245,ib,CL
2026-02-27 05:00:00+00:00,65.24,65.56,65.23,65.47,394.0,65.41,232,394.0,232,65.41,ib,CL
2026-02-27 06:00:00+00:00,65.46,65.64,65.39,65.61,274.0,65.513,156,274.0,156,65.513,ib,CL
2026-02-27 07:00:00+00:00,65.61,65.68,65.53,65.64,562.0,65.604,379,562.0,379,65.604,ib,CL
2026-02-27 08:00:00+00:00,65.62,65.9,65.43,65.58,1508.0,65.683,1005,1508.0,1005,65.683,ib,CL
2026-02-27 09:00:00+00:00,65.57,66.31,65.51,66.29,3249.0,65.922,1880,3249.0,1880,65.922,ib,CL
2026-02-27 10:00:00+00:00,66.3,66.46,65.97,66.39,2820.0,66.264,1838,2820.0,1838,66.264,ib,CL
2026-02-27 11:00:00+00:00,66.39,66.75,66.31,66.7,2701.0,66.486,1571,2701.0,1571,66.486,ib,CL
2026-02-27 12:00:00+00:00,66.69,66.88,66.59,66.86,2745.0,66.719,1511,2745.0,1511,66.719,ib,CL
2026-02-27 13:00:00+00:00,66.86,67.63,66.86,67.59,9354.0,67.318,5111,9354.0,5111,67.318,ib,CL
2026-02-27 14:00:00+00:00,67.59,67.65,66.74,66.77,7777.0,67.159,4491,7777.0,4491,67.159,ib,CL
2026-02-27 15:00:00+00:00,66.76,66.94,66.4,66.79,5654.0,66.748,3451,5654.0,3451,66.748,ib,CL
2026-02-27 16:00:00+00:00,66.78,66.8,66.34,66.45,3992.0,66.561,2428,3992.0,2428,66.561,ib,CL
2026-02-27 17:00:00+00:00,66.45,66.7,66.05,66.65,7194.0,66.413,3928,7194.0,3928,66.413,ib,CL
2026-02-27 18:00:00+00:00,66.64,66.93,66.59,66.92,3704.0,66.759,2052,3704.0,2052,66.759,ib,CL
2026-02-27 19:00:00+00:00,66.92,67.08,66.75,66.91,4940.0,66.909,2475,4940.0,2475,66.909,ib,CL
2026-02-27 20:00:00+00:00,66.9,67.24,66.85,67.12,2303.0,67.077,1258,2303.0,1258,67.077,ib,CL
2026-02-27 21:00:00+00:00,67.12,67.25,66.84,67.14,1579.0,67.103,855,1579.0,855,67.103,ib,CL
2026-03-01 23:00:00+00:00,73.71,74.7,70.79,71.65,10117.0,72.147,6840,10117.0,6840,72.147,ib,CL
2026-03-02 00:00:00+00:00,71.65,71.78,71.21,71.44,3377.0,71.514,2590,3377.0,2590,71.514,ib,CL
2026-03-02 01:00:00+00:00,71.45,71.45,69.0,69.43,7654.0,69.881,4262,7654.0,4262,69.881,ib,CL
2026-03-02 02:00:00+00:00,69.45,69.95,69.15,69.63,2000.0,69.581,1290,2000.0,1290,69.581,ib,CL
2026-03-02 03:00:00+00:00,69.65,70.67,69.56,70.31,2034.0,70.105,1298,2034.0,1298,70.105,ib,CL
2026-03-02 04:00:00+00:00,70.23,70.89,70.08,70.76,2025.0,70.482,1002,2025.0,1002,70.482,ib,CL
2026-03-02 05:00:00+00:00,70.71,71.1,70.49,71.1,1484.0,70.828,973,1484.0,973,70.828,ib,CL
2026-03-02 06:00:00+00:00,71.12,71.84,71.1,71.5,2650.0,71.49,1776,2650.0,1776,71.49,ib,CL
2026-03-02 07:00:00+00:00,71.48,72.78,71.48,72.69,5551.0,72.241,3250,5551.0,3250,72.241,ib,CL
2026-03-02 08:00:00+00:00,72.66,72.76,71.57,72.0,5857.0,72.261,4225,5857.0,4225,72.261,ib,CL
2026-03-02 09:00:00+00:00,71.98,72.0,71.28,71.95,6355.0,71.601,4811,6355.0,4811,71.601,ib,CL
2026-03-02 10:00:00+00:00,71.95,71.97,70.87,71.53,6293.0,71.454,4699,6293.0,4699,71.454,ib,CL
2026-03-02 11:00:00+00:00,71.54,71.85,70.68,71.51,3256.0,71.306,2373,3256.0,2373,71.306,ib,CL
2026-03-02 12:00:00+00:00,71.5,72.41,71.48,72.13,6510.0,72.081,5042,6510.0,5042,72.081,ib,CL
2026-03-02 13:00:00+00:00,72.12,72.12,71.28,71.8,8297.0,71.722,6362,8297.0,6362,71.722,ib,CL
2026-03-02 14:00:00+00:00,71.81,71.99,70.4,70.66,12605.0,71.262,8808,12605.0,8808,71.262,ib,CL
2026-03-02 15:00:00+00:00,70.66,71.34,70.53,70.88,9559.0,70.995,6974,9559.0,6974,70.995,ib,CL
2026-03-02 16:00:00+00:00,70.86,70.94,69.73,70.47,14372.0,70.511,9171,14372.0,9171,70.511,ib,CL
2026-03-02 17:00:00+00:00,70.47,70.57,69.87,70.18,6289.0,70.246,4479,6289.0,4479,70.246,ib,CL
2026-03-02 18:00:00+00:00,70.21,70.75,69.95,70.63,4863.0,70.427,3158,4863.0,3158,70.427,ib,CL
2026-03-02 19:00:00+00:00,70.63,70.79,70.32,70.4,10432.0,70.582,5347,10432.0,5347,70.582,ib,CL
2026-03-02 20:00:00+00:00,70.41,72.23,70.4,71.04,12400.0,71.479,8335,12400.0,8335,71.479,ib,CL
2026-03-02 21:00:00+00:00,71.03,71.23,70.44,70.47,2788.0,70.875,1840,2788.0,1840,70.875,ib,CL
2026-03-02 23:00:00+00:00,70.66,70.96,69.93,70.42,810.0,70.405,588,810.0,588,70.405,ib,CL
2026-03-03 00:00:00+00:00,70.42,71.17,70.4,71.12,1440.0,70.797,899,1440.0,899,70.797,ib,CL
2026-03-03 01:00:00+00:00,71.11,71.59,71.09,71.16,2088.0,71.323,1471,2088.0,1471,71.323,ib,CL
2026-03-03 02:00:00+00:00,71.14,71.87,70.95,71.77,1052.0,71.521,690,1052.0,690,71.521,ib,CL
2026-03-03 03:00:00+00:00,71.79,72.06,71.7,71.78,1074.0,71.869,704,1074.0,704,71.869,ib,CL
2026-03-03 04:00:00+00:00,71.79,72.14,71.65,72.03,445.0,71.907,338,445.0,338,71.907,ib,CL
2026-03-03 05:00:00+00:00,72.01,72.75,71.9,72.24,3151.0,72.346,1290,3151.0,1290,72.346,ib,CL
2026-03-03 06:00:00+00:00,72.26,72.46,71.73,72.4,1182.0,72.069,825,1182.0,825,72.069,ib,CL
2026-03-03 07:00:00+00:00,72.43,73.46,72.38,73.21,5330.0,72.842,3453,5330.0,3453,72.842,ib,CL
2026-03-03 08:00:00+00:00,73.19,73.84,72.85,73.79,7947.0,73.313,5761,7947.0,5761,73.313,ib,CL
2026-03-03 09:00:00+00:00,73.77,74.79,73.65,74.46,8565.0,74.306,6206,8565.0,6206,74.306,ib,CL
2026-03-03 10:00:00+00:00,74.44,76.5,74.14,75.7,13430.0,75.364,9353,13430.0,9353,75.364,ib,CL
2026-03-03 11:00:00+00:00,75.72,76.75,75.18,76.38,15007.0,76.015,10275,15007.0,10275,76.015,ib,CL
2026-03-03 12:00:00+00:00,76.39,76.68,74.67,74.9,16239.0,75.45,11240,16239.0,11240,75.45,ib,CL
2026-03-03 13:00:00+00:00,74.9,75.38,74.32,75.09,10208.0,74.967,7369,10208.0,7369,74.967,ib,CL
2026-03-03 14:00:00+00:00,75.09,76.43,75.07,75.44,13886.0,75.797,8976,13886.0,8976,75.797,ib,CL
2026-03-03 15:00:00+00:00,75.44,76.14,75.23,75.67,11718.0,75.714,7990,11718.0,7990,75.714,ib,CL
2026-03-03 16:00:00+00:00,75.67,76.02,73.52,74.77,22542.0,74.887,14570,22542.0,14570,74.887,ib,CL
2026-03-03 17:00:00+00:00,74.79,75.24,74.15,74.46,10583.0,74.717,6885,10583.0,6885,74.717,ib,CL
2026-03-03 18:00:00+00:00,74.46,74.47,72.75,73.69,15937.0,73.623,9862,15937.0,9862,73.623,ib,CL
2026-03-03 19:00:00+00:00,73.68,73.81,70.86,72.68,21729.0,72.511,14936,21729.0,14936,72.511,ib,CL
2026-03-03 20:00:00+00:00,72.66,73.25,72.19,73.17,5479.0,72.649,3931,5479.0,3931,72.649,ib,CL
2026-03-03 21:00:00+00:00,73.16,74.06,73.13,73.77,2592.0,73.615,1761,2592.0,1761,73.615,ib,CL
2026-03-03 23:00:00+00:00,73.56,74.46,73.52,74.42,895.0,74.081,540,895.0,540,74.081,ib,CL
2026-03-04 00:00:00+00:00,74.42,74.6,73.32,73.9,1208.0,73.982,794,1208.0,794,73.982,ib,CL
2026-03-04 01:00:00+00:00,73.87,74.52,73.33,73.8,4517.0,73.905,2401,4517.0,2401,73.905,ib,CL
2026-03-04 02:00:00+00:00,73.82,74.4,73.67,73.99,845.0,74.0,667,845.0,667,74.0,ib,CL
2026-03-04 03:00:00+00:00,73.96,74.27,73.61,74.04,681.0,73.928,488,681.0,488,73.928,ib,CL
2026-03-04 04:00:00+00:00,74.08,74.41,73.94,74.34,649.0,74.253,427,649.0,427,74.253,ib,CL
2026-03-04 05:00:00+00:00,74.38,75.19,74.11,74.72,1737.0,74.651,1032,1737.0,1032,74.651,ib,CL
2026-03-04 06:00:00+00:00,74.72,75.66,74.58,75.66,1255.0,75.167,932,1255.0,932,75.167,ib,CL
2026-03-04 07:00:00+00:00,75.68,75.79,75.18,75.35,3466.0,75.472,2369,3466.0,2369,75.472,ib,CL
2026-03-04 08:00:00+00:00,75.29,75.99,74.93,75.45,6004.0,75.519,4651,6004.0,4651,75.519,ib,CL
2026-03-04 09:00:00+00:00,75.44,75.6,74.32,75.48,6152.0,75.114,4798,6152.0,4798,75.114,ib,CL
2026-03-04 10:00:00+00:00,75.49,75.49,73.75,74.06,12278.0,74.315,9355,12278.0,9355,74.315,ib,CL
2026-03-04 11:00:00+00:00,74.03,74.4,73.37,73.83,4729.0,73.761,3728,4729.0,3728,73.761,ib,CL
2026-03-04 12:00:00+00:00,73.81,74.13,73.13,73.4,8135.0,73.581,6032,8135.0,6032,73.581,ib,CL
2026-03-04 13:00:00+00:00,73.42,73.45,72.19,72.86,14268.0,72.761,9668,14268.0,9668,72.761,ib,CL
2026-03-04 14:00:00+00:00,72.88,74.03,72.64,73.29,14369.0,73.336,9654,14369.0,9654,73.336,ib,CL
2026-03-04 15:00:00+00:00,73.29,73.45,72.65,73.12,10085.0,73.008,7037,10085.0,7037,73.008,ib,CL
2026-03-04 16:00:00+00:00,73.14,73.68,72.58,73.08,7875.0,73.061,5315,7875.0,5315,73.061,ib,CL
2026-03-04 17:00:00+00:00,73.08,73.99,72.98,73.93,6954.0,73.654,4651,6954.0,4651,73.654,ib,CL
2026-03-04 18:00:00+00:00,73.96,74.02,73.54,73.7,5780.0,73.759,3890,5780.0,3890,73.759,ib,CL
2026-03-04 19:00:00+00:00,73.72,73.72,73.22,73.35,6700.0,73.443,4030,6700.0,4030,73.443,ib,CL
2026-03-04 20:00:00+00:00,73.37,74.13,73.37,74.04,2559.0,73.83,1775,2559.0,1775,73.83,ib,CL
2026-03-04 21:00:00+00:00,74.05,74.85,73.99,74.61,1931.0,74.503,1355,1931.0,1355,74.503,ib,CL
2026-03-04 23:00:00+00:00,74.61,74.71,74.36,74.47,362.0,74.511,241,362.0,241,74.511,ib,CL
2026-03-05 00:00:00+00:00,74.48,74.49,74.09,74.25,426.0,74.275,299,426.0,299,74.275,ib,CL
2026-03-05 01:00:00+00:00,74.26,75.49,74.26,75.44,2533.0,75.081,1905,2533.0,1905,75.081,ib,CL
2026-03-05 02:00:00+00:00,75.45,75.9,75.27,75.87,2654.0,75.635,1556,2654.0,1556,75.635,ib,CL
2026-03-05 03:00:00+00:00,75.85,75.86,75.42,75.62,1598.0,75.637,1107,1598.0,1107,75.637,ib,CL
2026-03-05 04:00:00+00:00,75.62,76.14,75.59,75.85,1402.0,75.875,945,1402.0,945,75.875,ib,CL
2026-03-05 05:00:00+00:00,75.86,76.55,75.81,76.18,2372.0,76.195,1583,2372.0,1583,76.195,ib,CL
2026-03-05 06:00:00+00:00,76.19,76.23,74.55,75.08,6215.0,75.456,4225,6215.0,4225,75.456,ib,CL
2026-03-05 07:00:00+00:00,75.04,75.82,75.04,75.65,5049.0,75.501,3599,5049.0,3599,75.501,ib,CL
2026-03-05 08:00:00+00:00,75.66,76.24,75.41,75.67,7614.0,75.829,5616,7614.0,5616,75.829,ib,CL
2026-03-05 09:00:00+00:00,75.66,75.77,73.79,75.13,15717.0,74.626,11723,15717.0,11723,74.626,ib,CL
2026-03-05 10:00:00+00:00,75.12,75.44,74.89,75.29,4419.0,75.141,3560,4419.0,3560,75.141,ib,CL
2026-03-05 11:00:00+00:00,75.29,75.86,75.09,75.74,4699.0,75.44,3453,4699.0,3453,75.44,ib,CL
2026-03-05 12:00:00+00:00,75.73,76.06,75.31,75.83,6582.0,75.71,4662,6582.0,4662,75.71,ib,CL
2026-03-05 13:00:00+00:00,75.83,76.01,75.22,75.84,8069.0,75.632,5885,8069.0,5885,75.632,ib,CL
2026-03-05 14:00:00+00:00,75.84,76.83,75.57,76.38,12932.0,76.302,8122,12932.0,8122,76.302,ib,CL
2026-03-05 15:00:00+00:00,76.38,77.27,76.17,76.92,14917.0,76.822,10024,14917.0,10024,76.822,ib,CL
2026-03-05 16:00:00+00:00,76.92,78.18,76.59,77.42,16375.0,77.536,11205,16375.0,11205,77.536,ib,CL
2026-03-05 17:00:00+00:00,77.42,77.91,77.07,77.8,12080.0,77.548,8218,12080.0,8218,77.548,ib,CL
2026-03-05 18:00:00+00:00,77.79,79.07,77.27,78.62,14270.0,78.295,9821,14270.0,9821,78.295,ib,CL
2026-03-05 19:00:00+00:00,78.61,79.17,78.3,79.11,14472.0,78.729,9106,14472.0,9106,78.729,ib,CL
2026-03-05 20:00:00+00:00,79.11,79.47,77.3,77.61,15198.0,78.116,10567,15198.0,10567,78.116,ib,CL
2026-03-05 21:00:00+00:00,77.6,77.76,76.62,77.04,4131.0,77.132,2912,4131.0,2912,77.132,ib,CL
2026-03-05 23:00:00+00:00,77.2,77.83,77.04,77.46,758.0,77.44,523,758.0,523,77.44,ib,CL
2026-03-06 00:00:00+00:00,77.46,77.61,76.71,76.83,1366.0,77.084,907,1366.0,907,77.084,ib,CL
2026-03-06 01:00:00+00:00,76.85,77.68,76.4,77.61,4271.0,76.952,3224,4271.0,3224,76.952,ib,CL
2026-03-06 02:00:00+00:00,77.63,77.68,77.1,77.58,2036.0,77.368,1639,2036.0,1639,77.368,ib,CL
2026-03-06 03:00:00+00:00,77.57,77.91,77.41,77.76,1693.0,77.694,1227,1693.0,1227,77.694,ib,CL
2026-03-06 04:00:00+00:00,77.74,77.82,77.54,77.79,934.0,77.648,685,934.0,685,77.648,ib,CL
2026-03-06 05:00:00+00:00,77.76,78.21,77.5,78.11,2946.0,77.849,2420,2946.0,2420,77.849,ib,CL
2026-03-06 06:00:00+00:00,78.12,78.62,77.98,78.43,3215.0,78.305,2146,3215.0,2146,78.305,ib,CL
2026-03-06 07:00:00+00:00,78.39,78.77,77.94,78.73,3994.0,78.348,2732,3994.0,2732,78.348,ib,CL
2026-03-06 08:00:00+00:00,78.71,79.23,78.49,78.81,7846.0,78.877,5492,7846.0,5492,78.877,ib,CL
2026-03-06 09:00:00+00:00,78.81,81.69,78.62,81.57,16039.0,80.438,11448,16039.0,11448,80.438,ib,CL
2026-03-06 10:00:00+00:00,81.57,81.61,80.79,81.25,14803.0,81.216,10244,14803.0,10244,81.216,ib,CL
2026-03-06 11:00:00+00:00,81.25,83.32,81.18,83.11,14993.0,82.229,10404,14993.0,10404,82.229,ib,CL
2026-03-06 12:00:00+00:00,83.11,83.61,82.52,83.1,15133.0,83.121,10710,15133.0,10710,83.121,ib,CL
2026-03-06 13:00:00+00:00,83.09,84.45,81.94,84.04,27483.0,83.156,19164,27483.0,19164,83.156,ib,CL
2026-03-06 14:00:00+00:00,84.02,85.81,83.75,84.99,27753.0,84.758,19533,27753.0,19533,84.758,ib,CL
2026-03-06 15:00:00+00:00,84.98,85.26,83.93,84.67,20045.0,84.718,13964,20045.0,13964,84.718,ib,CL
2026-03-06 16:00:00+00:00,84.68,86.1,84.23,86.04,16468.0,84.973,11473,16468.0,11473,84.973,ib,CL
2026-03-06 17:00:00+00:00,86.04,88.16,85.73,87.94,23710.0,86.938,16740,23710.0,16740,86.938,ib,CL
2026-03-06 18:00:00+00:00,87.92,88.01,85.69,87.68,21735.0,86.706,15581,21735.0,15581,86.706,ib,CL
2026-03-06 19:00:00+00:00,87.68,88.13,86.64,87.83,18268.0,87.365,13040,18268.0,13040,87.365,ib,CL
2026-03-06 20:00:00+00:00,87.83,87.87,86.99,87.4,8424.0,87.449,6351,8424.0,6351,87.449,ib,CL
2026-03-06 21:00:00+00:00,87.41,88.1,87.29,87.85,3671.0,87.764,2661,3671.0,2661,87.764,ib,CL
2026-03-08 22:00:00+00:00,91.91,105.79,91.86,102.28,20168.0,101.884,13550,20168.0,13550,101.884,ib,CL
2026-03-08 23:00:00+00:00,102.21,103.28,100.45,102.88,8063.0,102.057,6194,8063.0,6194,102.057,ib,CL
2026-03-09 00:00:00+00:00,102.91,104.56,101.45,103.22,7559.0,103.072,6101,7559.0,6101,103.072,ib,CL
2026-03-09 01:00:00+00:00,103.25,109.21,102.8,108.7,12853.0,105.376,9599,12853.0,9599,105.376,ib,CL
2026-03-09 02:00:00+00:00,108.77,113.41,107.21,109.25,19087.0,110.128,13661,19087.0,13661,110.128,ib,CL
2026-03-09 03:00:00+00:00,109.26,110.86,106.36,110.15,8218.0,108.586,6358,8218.0,6358,108.586,ib,CL
2026-03-09 04:00:00+00:00,110.19,111.62,109.37,110.55,4488.0,110.448,3611,4488.0,3611,110.448,ib,CL
2026-03-09 05:00:00+00:00,110.55,110.59,98.62,99.64,19811.0,104.208,13467,19811.0,13467,104.208,ib,CL
2026-03-09 06:00:00+00:00,99.54,102.39,96.59,100.92,15610.0,99.775,9968,15610.0,9968,99.775,ib,CL
2026-03-09 07:00:00+00:00,100.79,100.82,97.34,99.48,11272.0,99.05,8473,11272.0,8473,99.05,ib,CL
2026-03-09 08:00:00+00:00,99.44,101.13,98.22,99.29,8815.0,99.341,7146,8815.0,7146,99.341,ib,CL
2026-03-09 09:00:00+00:00,99.22,100.51,93.16,96.65,9677.0,96.211,7048,9677.0,7048,96.211,ib,CL
2026-03-09 10:00:00+00:00,96.58,99.45,96.22,98.68,9308.0,98.094,6871,9308.0,6871,98.094,ib,CL
2026-03-09 11:00:00+00:00,98.69,99.11,97.0,97.58,5509.0,98.049,4517,5509.0,4517,98.049,ib,CL
2026-03-09 12:00:00+00:00,97.47,98.78,95.6,97.54,11429.0,96.981,8833,11429.0,8833,96.981,ib,CL
2026-03-09 13:00:00+00:00,97.54,97.55,93.4,95.56,36647.0,95.5,28340,36647.0,28340,95.5,ib,CL
2026-03-09 14:00:00+00:00,95.57,99.67,95.25,96.36,28497.0,96.934,22603,28497.0,22603,96.934,ib,CL
2026-03-09 15:00:00+00:00,96.34,96.44,91.0,91.47,28798.0,92.805,21580,28798.0,21580,92.805,ib,CL
2026-03-09 16:00:00+00:00,91.45,93.27,90.07,91.66,28237.0,91.71,22164,28237.0,22164,91.71,ib,CL
2026-03-09 17:00:00+00:00,91.65,92.56,91.06,91.57,16310.0,91.816,13552,16310.0,13552,91.816,ib,CL
2026-03-09 18:00:00+00:00,91.56,92.0,88.33,91.9,35979.0,90.544,28681,35979.0,28681,90.544,ib,CL
2026-03-09 19:00:00+00:00,91.91,92.16,79.0,83.73,25381.0,85.581,19608,25381.0,19608,85.581,ib,CL
2026-03-09 20:00:00+00:00,83.69,86.01,80.4,82.68,9572.0,83.337,6896,9572.0,6896,83.337,ib,CL
2026-03-09 22:00:00+00:00,83.0,87.15,82.67,84.98,5423.0,85.084,3590,5423.0,3590,85.084,ib,CL
2026-03-09 23:00:00+00:00,85.1,87.0,84.68,85.65,2501.0,85.751,1682,2501.0,1682,85.751,ib,CL
2026-03-10 00:00:00+00:00,85.6,86.3,82.55,84.04,5600.0,84.568,4315,5600.0,4315,84.568,ib,CL
2026-03-10 01:00:00+00:00,84.01,84.24,81.8,82.47,4882.0,82.969,3828,4882.0,3828,82.969,ib,CL
2026-03-10 02:00:00+00:00,82.48,86.45,82.29,86.23,3812.0,83.827,2805,3812.0,2805,83.827,ib,CL
2026-03-10 03:00:00+00:00,86.18,88.49,85.76,87.05,4330.0,87.046,3314,4330.0,3314,87.046,ib,CL
2026-03-10 04:00:00+00:00,87.1,88.18,86.87,87.62,2086.0,87.551,1737,2086.0,1737,87.551,ib,CL
2026-03-10 05:00:00+00:00,87.62,87.62,85.01,86.5,3574.0,85.982,2922,3574.0,2922,85.982,ib,CL
2026-03-10 06:00:00+00:00,86.49,87.58,85.47,87.28,3784.0,86.698,3133,3784.0,3133,86.698,ib,CL
2026-03-10 07:00:00+00:00,87.25,87.52,83.37,83.61,7258.0,85.002,6132,7258.0,6132,85.002,ib,CL
2026-03-10 08:00:00+00:00,83.56,86.33,83.16,86.25,6493.0,84.919,5539,6493.0,5539,84.919,ib,CL
2026-03-10 09:00:00+00:00,86.22,86.38,83.4,84.44,5900.0,84.609,4625,5900.0,4625,84.609,ib,CL
2026-03-10 10:00:00+00:00,84.5,87.11,84.29,85.78,5602.0,85.9,4480,5602.0,4480,85.9,ib,CL
2026-03-10 11:00:00+00:00,85.78,86.94,84.0,86.31,8039.0,85.413,5876,8039.0,5876,85.413,ib,CL
2026-03-10 12:00:00+00:00,86.29,88.08,85.89,86.67,11846.0,87.024,8496,11846.0,8496,87.024,ib,CL
2026-03-10 13:00:00+00:00,86.68,86.71,84.64,85.03,20394.0,85.71,14769,20394.0,14769,85.71,ib,CL
2026-03-10 14:00:00+00:00,85.01,86.0,81.2,82.2,29165.0,83.363,20106,29165.0,20106,83.363,ib,CL
2026-03-10 15:00:00+00:00,82.22,83.01,80.97,82.47,18806.0,82.072,14236,18806.0,14236,82.072,ib,CL
2026-03-10 16:00:00+00:00,82.47,83.72,80.35,80.56,19824.0,82.315,14156,19824.0,14156,82.315,ib,CL
2026-03-10 17:00:00+00:00,80.57,80.87,75.64,78.82,49599.0,78.484,34214,49599.0,34214,78.484,ib,CL
2026-03-10 18:00:00+00:00,78.8,85.07,78.26,82.7,34814.0,82.122,26607,34814.0,26607,82.122,ib,CL
2026-03-10 19:00:00+00:00,82.69,85.84,82.55,85.08,15218.0,84.518,11009,15218.0,11009,84.518,ib,CL
2026-03-10 20:00:00+00:00,85.06,85.64,84.15,84.82,4564.0,84.868,3199,4564.0,3199,84.868,ib,CL
2026-03-10 22:00:00+00:00,85.11,87.0,84.96,86.8,2033.0,86.317,1469,2033.0,1469,86.317,ib,CL
2026-03-10 23:00:00+00:00,86.8,86.81,83.82,84.31,3630.0,84.9,2049,3630.0,2049,84.9,ib,CL
2026-03-11 00:00:00+00:00,84.32,84.4,80.6,81.78,7161.0,82.273,5134,7161.0,5134,82.273,ib,CL
2026-03-11 01:00:00+00:00,81.82,83.17,81.31,82.15,4010.0,82.336,3031,4010.0,3031,82.336,ib,CL
2026-03-11 02:00:00+00:00,82.1,83.73,82.03,82.87,2587.0,82.976,1908,2587.0,1908,82.976,ib,CL
2026-03-11 03:00:00+00:00,83.0,83.08,81.57,81.78,1998.0,82.206,1466,1998.0,1466,82.206,ib,CL
2026-03-11 04:00:00+00:00,81.76,82.41,81.3,81.96,1306.0,81.879,1018,1306.0,1018,81.879,ib,CL
2026-03-11 05:00:00+00:00,81.97,83.0,81.89,82.75,1820.0,82.496,1451,1820.0,1451,82.496,ib,CL
2026-03-11 06:00:00+00:00,82.77,83.28,81.88,82.3,2138.0,82.74,1525,2138.0,1525,82.74,ib,CL
2026-03-11 07:00:00+00:00,82.3,84.37,82.06,84.15,6222.0,83.572,4728,6222.0,4728,83.572,ib,CL
2026-03-11 08:00:00+00:00,84.1,85.35,83.53,85.01,8872.0,84.272,6709,8872.0,6709,84.272,ib,CL
2026-03-11 09:00:00+00:00,85.03,87.32,84.81,87.09,9591.0,86.21,6395,9591.0,6395,86.21,ib,CL
2026-03-11 10:00:00+00:00,87.06,87.07,83.21,83.53,9691.0,84.975,6560,9691.0,6560,84.975,ib,CL
2026-03-11 11:00:00+00:00,83.57,85.89,83.29,85.16,7395.0,84.688,5225,7395.0,5225,84.688,ib,CL
2026-03-11 12:00:00+00:00,85.14,86.49,84.69,85.66,8229.0,85.589,5957,8229.0,5957,85.589,ib,CL
2026-03-11 13:00:00+00:00,85.66,85.73,82.4,82.9,18451.0,84.211,13105,18451.0,13105,84.211,ib,CL
2026-03-11 14:00:00+00:00,82.95,85.64,81.05,84.95,25606.0,84.349,18368,25606.0,18368,84.349,ib,CL
2026-03-11 15:00:00+00:00,84.97,86.3,84.57,86.14,17213.0,85.596,12262,17213.0,12262,85.596,ib,CL
2026-03-11 16:00:00+00:00,86.15,87.04,85.52,85.81,15338.0,86.365,10755,15338.0,10755,86.365,ib,CL
2026-03-11 17:00:00+00:00,85.8,87.0,84.97,86.39,16590.0,86.025,10978,16590.0,10978,86.025,ib,CL
2026-03-11 18:00:00+00:00,86.39,87.0,85.62,86.05,15704.0,86.304,11221,15704.0,11221,86.304,ib,CL
2026-03-11 19:00:00+00:00,86.05,86.85,85.75,86.77,5449.0,86.33,3744,5449.0,3744,86.33,ib,CL
2026-03-11 20:00:00+00:00,86.79,87.29,86.56,87.07,2790.0,86.983,1847,2790.0,1847,86.983,ib,CL
2026-03-11 22:00:00+00:00,87.46,91.64,87.18,89.48,6526.0,89.374,3546,6526.0,3546,89.374,ib,CL
2026-03-11 23:00:00+00:00,89.65,93.39,89.5,91.38,6011.0,91.827,3820,6011.0,3820,91.827,ib,CL
2026-03-12 00:00:00+00:00,91.29,93.02,90.66,91.95,8974.0,92.185,6928,8974.0,6928,92.185,ib,CL
2026-03-12 01:00:00+00:00,91.94,92.35,90.41,91.82,7235.0,91.47,5834,7235.0,5834,91.47,ib,CL
2026-03-12 02:00:00+00:00,91.85,94.6,91.79,93.15,5337.0,93.197,4336,5337.0,4336,93.197,ib,CL
2026-03-12 03:00:00+00:00,93.15,94.25,92.83,93.34,4283.0,93.552,3492,4283.0,3492,93.552,ib,CL
2026-03-12 04:00:00+00:00,93.32,93.91,92.91,93.53,2515.0,93.375,2041,2515.0,2041,93.375,ib,CL
2026-03-12 05:00:00+00:00,93.51,93.51,91.13,91.79,7786.0,92.369,5871,7786.0,5871,92.369,ib,CL
2026-03-12 06:00:00+00:00,91.8,92.37,90.07,91.2,6053.0,91.438,4805,6053.0,4805,91.438,ib,CL
2026-03-12 07:00:00+00:00,91.22,91.22,88.71,89.23,7039.0,89.707,5540,7039.0,5540,89.707,ib,CL
2026-03-12 08:00:00+00:00,89.23,91.39,89.03,91.01,7239.0,90.386,5979,7239.0,5979,90.386,ib,CL
2026-03-12 09:00:00+00:00,91.0,91.68,89.78,89.95,6023.0,90.927,4744,6023.0,4744,90.927,ib,CL
2026-03-12 10:00:00+00:00,89.93,90.55,89.5,89.85,5721.0,89.932,4589,5721.0,4589,89.932,ib,CL
2026-03-12 11:00:00+00:00,89.85,91.57,89.82,91.42,6363.0,90.676,4882,6363.0,4882,90.676,ib,CL
2026-03-12 12:00:00+00:00,91.39,92.19,91.13,91.54,8950.0,91.73,7057,8950.0,7057,91.73,ib,CL
2026-03-12 13:00:00+00:00,91.53,93.72,91.24,93.19,23416.0,92.685,17984,23416.0,17984,92.685,ib,CL
2026-03-12 14:00:00+00:00,93.2,94.39,92.5,93.95,24222.0,93.521,18998,24222.0,18998,93.521,ib,CL
2026-03-12 15:00:00+00:00,93.94,95.19,92.53,92.87,29523.0,93.96,22402,29523.0,22402,93.96,ib,CL
2026-03-12 16:00:00+00:00,92.88,94.05,91.52,93.32,18473.0,93.023,13561,18473.0,13561,93.023,ib,CL
2026-03-12 17:00:00+00:00,93.31,94.03,93.0,93.14,13340.0,93.52,10221,13340.0,10221,93.52,ib,CL
2026-03-12 18:00:00+00:00,93.12,95.43,92.69,95.27,14750.0,94.217,10343,14750.0,10343,94.217,ib,CL
2026-03-12 19:00:00+00:00,95.29,95.68,94.23,95.05,6768.0,94.986,5254,6768.0,5254,94.986,ib,CL
2026-03-12 20:00:00+00:00,95.06,95.35,94.4,95.08,3278.0,95.0,2382,3278.0,2382,95.0,ib,CL
2026-03-12 22:00:00+00:00,95.52,96.77,94.52,95.14,2466.0,95.864,1555,2466.0,1555,95.864,ib,CL
2026-03-12 23:00:00+00:00,95.2,96.28,95.18,95.43,1994.0,95.602,1309,1994.0,1309,95.602,ib,CL
2026-03-13 00:00:00+00:00,95.38,95.5,93.7,94.4,4613.0,94.413,3427,4613.0,3427,94.413,ib,CL
2026-03-13 01:00:00+00:00,94.41,94.96,93.53,94.44,4340.0,94.127,3138,4340.0,3138,94.127,ib,CL
2026-03-13 02:00:00+00:00,94.42,95.23,94.1,95.01,2991.0,94.648,2067,2991.0,2067,94.648,ib,CL
2026-03-13 03:00:00+00:00,95.03,95.39,94.05,94.37,2858.0,94.663,2378,2858.0,2378,94.663,ib,CL
2026-03-13 04:00:00+00:00,94.35,94.64,94.05,94.11,1394.0,94.34,1151,1394.0,1151,94.34,ib,CL
2026-03-13 05:00:00+00:00,94.1,94.45,93.74,93.94,2050.0,94.061,1699,2050.0,1699,94.061,ib,CL
2026-03-13 06:00:00+00:00,93.93,95.13,93.36,95.07,3665.0,94.178,2642,3665.0,2642,94.178,ib,CL
2026-03-13 07:00:00+00:00,95.09,96.36,94.9,96.05,7197.0,95.683,4734,7197.0,4734,95.683,ib,CL
2026-03-13 08:00:00+00:00,96.04,96.68,94.41,94.53,11390.0,95.849,7550,11390.0,7550,95.849,ib,CL
2026-03-13 09:00:00+00:00,94.51,95.2,93.85,94.77,6888.0,94.531,4834,6888.0,4834,94.531,ib,CL
2026-03-13 10:00:00+00:00,94.72,94.85,92.42,92.64,7122.0,93.566,5106,7122.0,5106,93.566,ib,CL
2026-03-13 11:00:00+00:00,92.64,94.04,92.18,92.46,8646.0,93.052,6020,8646.0,6020,93.052,ib,CL
2026-03-13 12:00:00+00:00,92.47,93.34,91.09,92.45,11616.0,92.379,8208,11616.0,8208,92.379,ib,CL
2026-03-13 13:00:00+00:00,92.44,93.28,91.81,93.18,15564.0,92.558,11117,15564.0,11117,92.558,ib,CL
2026-03-13 14:00:00+00:00,93.16,94.36,92.75,94.17,13500.0,93.482,9415,13500.0,9415,93.482,ib,CL
2026-03-13 15:00:00+00:00,94.17,95.34,93.96,94.93,13241.0,94.688,9561,13241.0,9561,94.688,ib,CL
2026-03-13 16:00:00+00:00,94.92,95.88,94.75,95.26,10105.0,95.301,7287,10105.0,7287,95.301,ib,CL
2026-03-13 17:00:00+00:00,95.25,96.3,94.79,96.08,8897.0,95.51,6499,8897.0,6499,95.51,ib,CL
2026-03-13 18:00:00+00:00,96.07,97.31,95.25,95.68,14321.0,96.567,9901,14321.0,9901,96.567,ib,CL
2026-03-13 19:00:00+00:00,95.7,96.41,95.48,96.28,4665.0,95.996,3223,4665.0,3223,95.996,ib,CL
2026-03-13 20:00:00+00:00,96.28,97.3,96.28,97.2,3945.0,96.726,2751,3945.0,2751,96.726,ib,CL
2026-03-15 22:00:00+00:00,98.76,99.95,97.66,97.81,9320.0,98.89,5884,9320.0,5884,98.89,ib,CL
2026-03-15 23:00:00+00:00,97.83,98.57,96.66,97.03,7408.0,97.823,5014,7408.0,5014,97.823,ib,CL
2026-03-16 00:00:00+00:00,97.03,97.12,95.64,95.72,6087.0,96.282,4360,6087.0,4360,96.282,ib,CL
2026-03-16 01:00:00+00:00,95.76,97.2,95.08,96.99,6102.0,96.377,4663,6102.0,4663,96.377,ib,CL
2026-03-16 02:00:00+00:00,97.0,97.88,96.56,97.42,5621.0,97.325,4004,5621.0,4004,97.325,ib,CL
2026-03-16 03:00:00+00:00,97.44,97.7,96.99,97.57,2243.0,97.386,1826,2243.0,1826,97.386,ib,CL
2026-03-16 04:00:00+00:00,97.58,98.06,97.52,97.87,1567.0,97.784,1088,1567.0,1088,97.784,ib,CL
2026-03-16 05:00:00+00:00,97.87,98.07,96.76,96.86,2810.0,97.51,2237,2810.0,2237,97.51,ib,CL
2026-03-16 06:00:00+00:00,96.86,98.12,96.54,97.37,3766.0,97.477,2810,3766.0,2810,97.477,ib,CL
2026-03-16 07:00:00+00:00,97.4,99.29,97.04,98.79,5837.0,98.504,3969,5837.0,3969,98.504,ib,CL
2026-03-16 08:00:00+00:00,98.79,99.18,98.02,98.25,5446.0,98.681,4037,5446.0,4037,98.681,ib,CL
2026-03-16 09:00:00+00:00,98.23,98.75,97.26,97.74,5045.0,97.869,3634,5045.0,3634,97.869,ib,CL
2026-03-16 10:00:00+00:00,97.72,97.88,95.58,95.69,7375.0,96.519,4893,7375.0,4893,96.519,ib,CL
2026-03-16 11:00:00+00:00,95.71,96.68,95.55,96.0,8305.0,96.129,5128,8305.0,5128,96.129,ib,CL
2026-03-16 12:00:00+00:00,96.0,96.35,93.39,94.16,24083.0,94.553,13190,24083.0,13190,94.553,ib,CL
2026-03-16 13:00:00+00:00,94.14,94.65,91.82,92.22,28591.0,93.464,18740,28591.0,18740,93.464,ib,CL
2026-03-16 14:00:00+00:00,92.18,94.43,91.88,94.11,20747.0,93.145,12333,20747.0,12333,93.145,ib,CL
2026-03-16 15:00:00+00:00,94.11,94.63,93.5,94.36,12536.0,94.113,8468,12536.0,8468,94.113,ib,CL
2026-03-16 16:00:00+00:00,94.34,95.49,93.85,94.5,11935.0,94.677,7543,11935.0,7543,94.677,ib,CL
2026-03-16 17:00:00+00:00,94.5,94.54,92.67,93.19,15945.0,93.557,10335,15945.0,10335,93.557,ib,CL
2026-03-16 18:00:00+00:00,93.19,93.45,91.96,92.46,15785.0,92.644,9998,15785.0,9998,92.644,ib,CL
2026-03-16 19:00:00+00:00,92.47,93.69,91.94,92.35,9440.0,92.775,6649,9440.0,6649,92.775,ib,CL
2026-03-16 20:00:00+00:00,92.37,93.35,92.08,93.23,4720.0,92.731,3131,4720.0,3131,92.731,ib,CL
2026-03-16 22:00:00+00:00,93.42,94.27,92.88,93.94,2803.0,93.579,2064,2803.0,2064,93.579,ib,CL
2026-03-16 23:00:00+00:00,93.94,94.27,93.41,93.88,2339.0,93.8,1570,2339.0,1570,93.8,ib,CL
2026-03-17 00:00:00+00:00,93.89,95.38,93.77,94.92,9427.0,94.639,6832,9427.0,6832,94.639,ib,CL
2026-03-17 01:00:00+00:00,94.93,95.23,94.28,95.01,8343.0,94.809,6277,8343.0,6277,94.809,ib,CL
2026-03-17 02:00:00+00:00,95.01,95.3,94.73,95.12,4372.0,95.07,3379,4372.0,3379,95.07,ib,CL
2026-03-17 03:00:00+00:00,95.11,95.39,94.89,95.17,3349.0,95.129,2529,3349.0,2529,95.129,ib,CL
2026-03-17 04:00:00+00:00,95.2,95.46,94.62,95.02,2683.0,95.023,1858,2683.0,1858,95.023,ib,CL
2026-03-17 05:00:00+00:00,95.03,97.2,94.48,97.0,8563.0,95.976,5070,8563.0,5070,95.976,ib,CL
2026-03-17 06:00:00+00:00,97.04,97.65,96.22,96.8,12609.0,96.957,8910,12609.0,8910,96.957,ib,CL
2026-03-17 07:00:00+00:00,96.81,97.04,95.71,96.04,8812.0,96.306,6689,8812.0,6689,96.306,ib,CL
2026-03-17 08:00:00+00:00,96.05,97.06,95.88,96.65,12130.0,96.557,9063,12130.0,9063,96.557,ib,CL
2026-03-17 09:00:00+00:00,96.65,96.66,94.98,95.24,10326.0,95.664,7419,10326.0,7419,95.664,ib,CL
2026-03-17 10:00:00+00:00,95.22,96.24,95.22,95.54,6587.0,95.804,4736,6587.0,4736,95.804,ib,CL
2026-03-17 11:00:00+00:00,95.54,96.37,95.53,96.21,7362.0,95.978,5230,7362.0,5230,95.978,ib,CL
2026-03-17 12:00:00+00:00,96.22,96.33,94.57,94.58,12486.0,95.14,8709,12486.0,8709,95.14,ib,CL
2026-03-17 13:00:00+00:00,94.6,94.83,93.18,94.44,23408.0,94.144,15711,23408.0,15711,94.144,ib,CL
2026-03-17 14:00:00+00:00,94.42,94.81,93.19,93.5,18899.0,94.079,11505,18899.0,11505,94.079,ib,CL
2026-03-17 15:00:00+00:00,93.52,95.22,93.26,94.89,20053.0,94.445,11312,20053.0,11312,94.445,ib,CL
2026-03-17 16:00:00+00:00,94.88,95.06,93.6,94.31,16905.0,94.365,10750,16905.0,10750,94.365,ib,CL
2026-03-17 17:00:00+00:00,94.32,95.37,94.29,95.14,14427.0,94.951,9625,14427.0,9625,94.951,ib,CL
2026-03-17 18:00:00+00:00,95.14,95.65,94.81,95.27,13417.0,95.279,8519,13417.0,8519,95.279,ib,CL
2026-03-17 19:00:00+00:00,95.28,95.6,95.0,95.43,6415.0,95.316,3964,6415.0,3964,95.316,ib,CL
2026-03-17 20:00:00+00:00,95.45,95.62,95.07,95.3,3513.0,95.347,2426,3513.0,2426,95.347,ib,CL
2026-03-17 22:00:00+00:00,95.27,95.65,94.25,95.16,5068.0,94.852,3280,5068.0,3280,94.852,ib,CL
2026-03-17 23:00:00+00:00,95.13,95.65,94.95,95.29,3607.0,95.34,2101,3607.0,2101,95.34,ib,CL
2026-03-18 00:00:00+00:00,95.27,95.35,93.94,94.14,6712.0,94.609,4511,6712.0,4511,94.609,ib,CL
2026-03-18 01:00:00+00:00,94.14,94.5,93.75,94.29,6298.0,94.182,4051,6298.0,4051,94.182,ib,CL
2026-03-18 02:00:00+00:00,94.28,94.5,93.2,93.77,6150.0,93.768,3771,6150.0,3771,93.768,ib,CL
2026-03-18 03:00:00+00:00,93.76,93.88,92.3,92.5,7483.0,93.142,4505,7483.0,4505,93.142,ib,CL
2026-03-18 04:00:00+00:00,92.52,92.65,92.1,92.5,7398.0,92.411,4361,7398.0,4361,92.411,ib,CL
2026-03-18 05:00:00+00:00,92.51,92.93,91.86,92.05,6376.0,92.316,4220,6376.0,4220,92.316,ib,CL
2026-03-18 06:00:00+00:00,92.06,92.89,91.45,92.77,10240.0,92.143,6753,10240.0,6753,92.143,ib,CL
2026-03-18 07:00:00+00:00,92.77,93.32,92.61,93.25,8781.0,92.997,6064,8781.0,6064,92.997,ib,CL
2026-03-18 08:00:00+00:00,93.26,94.27,93.16,93.85,16182.0,93.771,9676,16182.0,9676,93.771,ib,CL
2026-03-18 09:00:00+00:00,93.84,94.49,93.69,94.29,10228.0,94.169,6560,10228.0,6560,94.169,ib,CL
2026-03-18 10:00:00+00:00,94.31,94.56,94.01,94.31,8378.0,94.247,5724,8378.0,5724,94.247,ib,CL
2026-03-18 11:00:00+00:00,94.29,95.56,93.9,94.52,25973.0,94.652,15243,25973.0,15243,94.652,ib,CL
2026-03-18 12:00:00+00:00,94.52,97.33,94.44,97.17,49739.0,95.992,29179,49739.0,29179,95.992,ib,CL
2026-03-18 13:00:00+00:00,97.15,98.22,96.79,98.04,50265.0,97.521,32019,50265.0,32019,97.521,ib,CL
2026-03-18 14:00:00+00:00,98.03,98.67,97.35,98.01,32451.0,98.124,20398,32451.0,20398,98.124,ib,CL
2026-03-18 15:00:00+00:00,98.02,98.38,96.92,97.18,40644.0,97.791,26902,40644.0,26902,97.791,ib,CL
2026-03-18 16:00:00+00:00,97.18,97.5,96.53,97.06,29292.0,96.962,19033,29292.0,19033,96.962,ib,CL
2026-03-18 17:00:00+00:00,97.07,97.39,95.01,95.17,27503.0,96.375,17631,27503.0,17631,96.375,ib,CL
2026-03-18 18:00:00+00:00,95.22,96.5,94.21,96.29,41664.0,95.469,25169,41664.0,25169,95.469,ib,CL
2026-03-18 19:00:00+00:00,96.3,98.0,95.87,97.67,16657.0,97.077,11040,16657.0,11040,97.077,ib,CL
2026-03-18 20:00:00+00:00,97.68,99.78,97.58,99.05,16631.0,98.918,9862,16631.0,9862,98.918,ib,CL
2026-03-18 22:00:00+00:00,98.06,98.69,97.6,98.19,5500.0,98.187,3208,5500.0,3208,98.187,ib,CL
2026-03-18 23:00:00+00:00,98.17,98.59,97.33,98.3,6641.0,98.196,3880,6641.0,3880,98.196,ib,CL
2026-03-19 00:00:00+00:00,98.31,99.17,98.16,98.36,12853.0,98.68,8900,12853.0,8900,98.68,ib,CL
2026-03-19 01:00:00+00:00,98.36,98.66,97.42,98.05,10805.0,97.973,7032,10805.0,7032,97.973,ib,CL
2026-03-19 02:00:00+00:00,98.05,98.25,95.75,96.19,17367.0,96.674,11248,17367.0,11248,96.674,ib,CL
2026-03-19 03:00:00+00:00,96.19,96.55,95.85,96.47,6931.0,96.205,4767,6931.0,4767,96.205,ib,CL
2026-03-19 04:00:00+00:00,96.48,96.84,96.3,96.53,4056.0,96.573,2662,4056.0,2662,96.573,ib,CL
2026-03-19 05:00:00+00:00,96.51,97.27,95.96,96.48,8023.0,96.578,5645,8023.0,5645,96.578,ib,CL
2026-03-19 06:00:00+00:00,96.45,96.81,96.04,96.33,8686.0,96.467,6198,8686.0,6198,96.467,ib,CL
2026-03-19 07:00:00+00:00,96.34,96.99,95.32,96.77,19314.0,96.283,13197,19314.0,13197,96.283,ib,CL
2026-03-19 08:00:00+00:00,96.75,97.3,95.81,96.79,19001.0,96.554,13467,19001.0,13467,96.554,ib,CL
2026-03-19 09:00:00+00:00,96.79,98.96,94.41,95.16,41140.0,96.87,27936,41140.0,27936,96.87,ib,CL
2026-03-19 10:00:00+00:00,95.16,96.5,94.86,96.23,20456.0,95.61,14221,20456.0,14221,95.61,ib,CL
2026-03-19 11:00:00+00:00,96.23,97.74,95.95,96.64,14811.0,96.895,10486,14811.0,10486,96.895,ib,CL
2026-03-19 12:00:00+00:00,96.67,96.94,95.27,96.29,23469.0,96.069,14994,23469.0,14994,96.069,ib,CL
2026-03-19 13:00:00+00:00,96.29,97.25,95.36,96.11,41509.0,96.44,28251,41509.0,28251,96.44,ib,CL
2026-03-19 14:00:00+00:00,96.09,97.24,95.78,96.5,28420.0,96.558,19416,28420.0,19416,96.558,ib,CL
2026-03-19 15:00:00+00:00,96.51,100.48,95.69,98.08,66671.0,98.09,43165,66671.0,43165,98.09,ib,CL
2026-03-19 16:00:00+00:00,98.05,98.67,96.64,97.14,35529.0,97.702,24874,35529.0,24874,97.702,ib,CL
2026-03-19 17:00:00+00:00,97.13,97.28,95.12,95.8,28235.0,96.114,18464,28235.0,18464,96.114,ib,CL
2026-03-19 18:00:00+00:00,95.8,96.2,94.16,94.98,35450.0,95.261,22305,35450.0,22305,95.261,ib,CL
2026-03-19 19:00:00+00:00,94.97,95.3,92.1,94.23,42874.0,93.449,29088,42874.0,29088,93.449,ib,CL
2026-03-19 20:00:00+00:00,94.22,94.77,93.97,94.59,7314.0,94.44,5220,7314.0,5220,94.44,ib,CL
2026-03-19 22:00:00+00:00,94.46,94.8,93.95,93.99,2250.0,94.283,1517,2250.0,1517,94.283,ib,CL
2026-03-19 23:00:00+00:00,93.95,94.15,93.62,93.96,2286.0,93.876,1529,2286.0,1529,93.876,ib,CL
2026-03-20 00:00:00+00:00,93.96,94.45,93.4,94.2,5603.0,93.884,4188,5603.0,4188,93.884,ib,CL
2026-03-20 01:00:00+00:00,94.17,94.35,92.47,92.97,11139.0,93.121,7727,11139.0,7727,93.121,ib,CL
2026-03-20 02:00:00+00:00,92.96,93.72,92.86,93.66,6754.0,93.294,4409,6754.0,4409,93.294,ib,CL
2026-03-20 03:00:00+00:00,93.65,94.16,93.38,93.87,4006.0,93.729,2640,4006.0,2640,93.729,ib,CL
2026-03-20 04:00:00+00:00,93.85,94.07,93.41,94.05,2507.0,93.722,1752,2507.0,1752,93.722,ib,CL
2026-03-20 05:00:00+00:00,94.06,94.23,93.29,93.44,4627.0,93.811,3014,4627.0,3014,93.811,ib,CL
2026-03-20 06:00:00+00:00,93.44,94.75,93.43,94.51,5807.0,94.054,3985,5807.0,3985,94.054,ib,CL
2026-03-20 07:00:00+00:00,94.51,94.78,93.54,93.69,7809.0,94.205,5475,7809.0,5475,94.205,ib,CL
2026-03-20 08:00:00+00:00,93.66,95.52,93.29,95.49,18527.0,94.392,12770,18527.0,12770,94.392,ib,CL
2026-03-20 09:00:00+00:00,95.47,96.16,95.08,95.88,15051.0,95.572,9523,15051.0,9523,95.572,ib,CL
2026-03-20 10:00:00+00:00,95.88,96.45,95.3,95.44,10178.0,95.929,6866,10178.0,6866,95.929,ib,CL
2026-03-20 11:00:00+00:00,95.43,95.51,94.08,94.19,12782.0,94.741,8849,12782.0,8849,94.741,ib,CL
2026-03-20 12:00:00+00:00,94.18,95.2,93.9,95.0,15539.0,94.527,10264,15539.0,10264,94.527,ib,CL
2026-03-20 13:00:00+00:00,95.0,96.22,94.78,96.03,24205.0,95.427,15656,24205.0,15656,95.427,ib,CL
2026-03-20 14:00:00+00:00,96.01,97.07,95.28,96.85,22443.0,96.22,14471,22443.0,14471,96.22,ib,CL
2026-03-20 15:00:00+00:00,96.84,97.04,95.69,96.56,24614.0,96.525,14685,24614.0,14685,96.525,ib,CL
2026-03-20 16:00:00+00:00,96.56,97.78,96.23,97.54,19826.0,97.213,12820,19826.0,12820,97.213,ib,CL
2026-03-20 17:00:00+00:00,97.54,98.51,97.38,98.02,26762.0,98.039,16055,26762.0,16055,98.039,ib,CL
2026-03-20 18:00:00+00:00,98.02,98.75,96.94,98.59,43671.0,97.89,26547,43671.0,26547,97.89,ib,CL
2026-03-20 19:00:00+00:00,98.59,98.75,97.4,97.48,15071.0,98.156,9945,15071.0,9945,98.156,ib,CL
2026-03-20 20:00:00+00:00,97.49,98.16,97.44,98.09,7039.0,97.855,4948,7039.0,4948,97.855,ib,CL
2026-03-22 22:00:00+00:00,100.51,101.5,96.75,98.08,21666.0,98.61,13509,21666.0,13509,98.61,ib,CL
2026-03-22 23:00:00+00:00,98.09,98.78,97.82,98.59,4523.0,98.194,2999,4523.0,2999,98.194,ib,CL
2026-03-23 00:00:00+00:00,98.58,98.94,97.9,98.16,5757.0,98.382,3737,5757.0,3737,98.382,ib,CL
2026-03-23 01:00:00+00:00,98.16,98.75,97.99,98.58,7385.0,98.386,5096,7385.0,5096,98.386,ib,CL
2026-03-23 02:00:00+00:00,98.57,99.11,98.4,98.89,5320.0,98.763,3698,5320.0,3698,98.763,ib,CL
2026-03-23 03:00:00+00:00,98.89,99.33,98.86,99.21,2993.0,99.078,2086,2993.0,2086,99.078,ib,CL
2026-03-23 04:00:00+00:00,99.21,99.3,98.8,98.89,2124.0,99.092,1511,2124.0,1511,99.092,ib,CL
2026-03-23 05:00:00+00:00,98.9,98.99,97.96,98.49,4867.0,98.484,3373,4867.0,3373,98.484,ib,CL
2026-03-23 06:00:00+00:00,98.5,100.84,98.38,100.57,14058.0,99.992,9974,14058.0,9974,99.992,ib,CL
2026-03-23 07:00:00+00:00,100.55,101.67,100.33,101.1,10772.0,101.206,7249,10772.0,7249,101.206,ib,CL
2026-03-23 08:00:00+00:00,101.1,101.1,99.34,99.34,18330.0,100.099,12810,18330.0,12810,100.099,ib,CL
2026-03-23 09:00:00+00:00,99.32,99.44,98.11,98.89,12839.0,98.801,8669,12839.0,8669,98.801,ib,CL
2026-03-23 10:00:00+00:00,98.88,99.43,97.4,98.59,9686.0,98.523,6431,9686.0,6431,98.523,ib,CL
2026-03-23 11:00:00+00:00,98.58,98.77,84.37,92.5,71371.0,90.365,46859,71371.0,46859,90.365,ib,CL
2026-03-23 12:00:00+00:00,92.49,93.32,88.59,89.4,37921.0,90.913,26958,37921.0,26958,90.913,ib,CL
2026-03-23 13:00:00+00:00,89.37,91.29,88.13,89.14,39713.0,89.692,28227,39713.0,28227,89.692,ib,CL
2026-03-23 14:00:00+00:00,89.15,90.31,87.97,89.25,35005.0,89.157,25703,35005.0,25703,89.157,ib,CL
2026-03-23 15:00:00+00:00,89.25,90.83,85.43,90.5,68148.0,87.703,45927,68148.0,45927,87.703,ib,CL
2026-03-23 16:00:00+00:00,90.47,91.87,89.11,89.65,40683.0,90.45,28060,40683.0,28060,90.45,ib,CL
2026-03-23 17:00:00+00:00,89.65,90.31,88.5,88.68,25995.0,89.287,17959,25995.0,17959,89.287,ib,CL
2026-03-23 18:00:00+00:00,88.67,89.51,86.73,87.72,33094.0,87.857,21539,33094.0,21539,87.857,ib,CL
2026-03-23 19:00:00+00:00,87.7,88.85,87.43,88.71,9921.0,88.13,6871,9921.0,6871,88.13,ib,CL
2026-03-23 20:00:00+00:00,88.7,89.46,88.39,88.87,5110.0,88.938,3693,5110.0,3693,88.938,ib,CL
2026-03-23 22:00:00+00:00,88.78,89.5,88.72,89.13,2014.0,89.105,1317,2014.0,1317,89.105,ib,CL
2026-03-23 23:00:00+00:00,89.13,89.59,88.5,89.45,3037.0,89.048,2017,3037.0,2017,89.048,ib,CL
2026-03-24 00:00:00+00:00,89.44,91.0,89.35,90.41,10418.0,90.243,7124,10418.0,7124,90.243,ib,CL
2026-03-24 01:00:00+00:00,90.4,91.9,90.39,91.53,7563.0,91.322,5470,7563.0,5470,91.322,ib,CL
2026-03-24 02:00:00+00:00,91.52,92.0,90.95,91.26,6461.0,91.509,4430,6461.0,4430,91.509,ib,CL
2026-03-24 03:00:00+00:00,91.28,91.86,91.24,91.63,2664.0,91.575,1809,2664.0,1809,91.575,ib,CL
2026-03-24 04:00:00+00:00,91.62,92.04,91.47,91.52,2615.0,91.774,1734,2615.0,1734,91.774,ib,CL
2026-03-24 05:00:00+00:00,91.54,92.29,91.31,91.58,4519.0,91.761,3118,4519.0,3118,91.761,ib,CL
2026-03-24 06:00:00+00:00,91.59,91.66,90.61,90.84,7073.0,91.129,5084,7073.0,5084,91.129,ib,CL
2026-03-24 07:00:00+00:00,90.86,91.08,89.39,89.44,12454.0,90.314,9086,12454.0,9086,90.314,ib,CL
2026-03-24 08:00:00+00:00,89.45,90.81,89.11,90.54,17924.0,89.989,13187,17924.0,13187,89.989,ib,CL
2026-03-24 09:00:00+00:00,90.54,91.45,90.27,90.4,8824.0,90.893,5644,8824.0,5644,90.893,ib,CL
2026-03-24 10:00:00+00:00,90.42,90.64,89.43,90.37,7916.0,90.06,5522,7916.0,5522,90.06,ib,CL
2026-03-24 11:00:00+00:00,90.37,91.43,89.97,90.87,10581.0,90.671,7006,10581.0,7006,90.671,ib,CL
2026-03-24 12:00:00+00:00,90.86,92.21,90.78,91.8,16008.0,91.673,9724,16008.0,9724,91.673,ib,CL
2026-03-24 13:00:00+00:00,91.79,92.68,91.44,92.07,26495.0,92.169,17335,26495.0,17335,92.169,ib,CL
2026-03-24 14:00:00+00:00,92.08,92.31,90.52,91.16,33829.0,91.556,22557,33829.0,22557,91.556,ib,CL
2026-03-24 15:00:00+00:00,91.15,92.39,90.56,92.23,20598.0,91.477,13167,20598.0,13167,91.477,ib,CL
2026-03-24 16:00:00+00:00,92.22,92.89,91.92,92.64,18440.0,92.411,11312,18440.0,11312,92.411,ib,CL
2026-03-24 17:00:00+00:00,92.67,93.36,91.19,91.76,23885.0,92.515,14942,23885.0,14942,92.515,ib,CL
2026-03-24 18:00:00+00:00,91.77,92.01,91.34,91.93,3563.0,91.768,2383,3563.0,2383,91.768,ib,CL
